<?xml version="1.0" encoding="utf-8"?>
<annotation>
<folder>images</folder>
<filename>003bb130-hats.78977c82-f912-11ee-8e6e-a0510b381bfb.jpg</filename>
<source>
<database>MyDatabase</database>
<annotation>COCO2017</annotation>
<image>flickr</image>
<flickrid>NULL</flickrid>
<annotator>1</annotator>
</source>
<owner>
<flickrid>NULL</flickrid>
<name>Label Studio</name>
</owner>
<size>
<width>640</width>
<height>480</height>
<depth>3</depth>
</size>
<segmented>0</segmented>
<object>
<name>hat</name>
<pose>Unspecified</pose>
<truncated>0</truncated>
<difficult>0</difficult>
<bndbox>
<xmin>281</xmin>
<ymin>61</ymin>
<xmax>476</xmax>
<ymax>180</ymax>
</bndbox>
</object>
<object>
<name>hat</name>
<pose>Unspecified</pose>
<truncated>0</truncated>
<difficult>0</difficult>
<bndbox>
<xmin>254</xmin>
<ymin>133</ymin>
<xmax>318</xmax>
<ymax>215</ymax>
</bndbox>
</object>
</annotation>
