<?xml version="1.0" encoding="utf-8"?>
<annotation>
<folder>images</folder>
<filename>00ec9337-no_hats.a72219af-f913-11ee-8009-a0510b381bfb.jpg</filename>
<source>
<database>MyDatabase</database>
<annotation>COCO2017</annotation>
<image>flickr</image>
<flickrid>NULL</flickrid>
<annotator>1</annotator>
</source>
<owner>
<flickrid>NULL</flickrid>
<name>Label Studio</name>
</owner>
<size>
<width>640</width>
<height>480</height>
<depth>3</depth>
</size>
<segmented>0</segmented>
<object>
<name>no_hat</name>
<pose>Unspecified</pose>
<truncated>0</truncated>
<difficult>0</difficult>
<bndbox>
<xmin>268</xmin>
<ymin>135</ymin>
<xmax>441</xmax>
<ymax>267</ymax>
</bndbox>
</object>
<object>
<name>no_hat</name>
<pose>Unspecified</pose>
<truncated>0</truncated>
<difficult>0</difficult>
<bndbox>
<xmin>254</xmin>
<ymin>263</ymin>
<xmax>306</xmax>
<ymax>361</ymax>
</bndbox>
</object>
</annotation>
