<?xml version="1.0" encoding="utf-8"?>
<annotation>
<folder>images</folder>
<filename>26d2b46b-hats.a78eceb5-f912-11ee-9211-a0510b381bfb.jpg</filename>
<source>
<database>MyDatabase</database>
<annotation>COCO2017</annotation>
<image>flickr</image>
<flickrid>NULL</flickrid>
<annotator>1</annotator>
</source>
<owner>
<flickrid>NULL</flickrid>
<name>Label Studio</name>
</owner>
<size>
<width>640</width>
<height>480</height>
<depth>3</depth>
</size>
<segmented>0</segmented>
<object>
<name>hat</name>
<pose>Unspecified</pose>
<truncated>0</truncated>
<difficult>0</difficult>
<bndbox>
<xmin>248</xmin>
<ymin>47</ymin>
<xmax>479</xmax>
<ymax>210</ymax>
</bndbox>
</object>
</annotation>
