<?xml version="1.0" encoding="utf-8"?>
<annotation>
<folder>images</folder>
<filename>33b3ca18-hats.79cc7492-f912-11ee-8a83-a0510b381bfb.jpg</filename>
<source>
<database>MyDatabase</database>
<annotation>COCO2017</annotation>
<image>flickr</image>
<flickrid>NULL</flickrid>
<annotator>1</annotator>
</source>
<owner>
<flickrid>NULL</flickrid>
<name>Label Studio</name>
</owner>
<size>
<width>640</width>
<height>480</height>
<depth>3</depth>
</size>
<segmented>0</segmented>
<object>
<name>hat</name>
<pose>Unspecified</pose>
<truncated>0</truncated>
<difficult>0</difficult>
<bndbox>
<xmin>285</xmin>
<ymin>50</ymin>
<xmax>495</xmax>
<ymax>121</ymax>
</bndbox>
</object>
<object>
<name>hat</name>
<pose>Unspecified</pose>
<truncated>0</truncated>
<difficult>0</difficult>
<bndbox>
<xmin>272</xmin>
<ymin>117</ymin>
<xmax>306</xmax>
<ymax>189</ymax>
</bndbox>
</object>
<object>
<name>hat</name>
<pose>Unspecified</pose>
<truncated>0</truncated>
<difficult>0</difficult>
<bndbox>
<xmin>470</xmin>
<ymin>114</ymin>
<xmax>515</xmax>
<ymax>177</ymax>
</bndbox>
</object>
</annotation>
