<?xml version="1.0" encoding="utf-8"?>
<annotation>
<folder>images</folder>
<filename>55be4b3c-no_hats.d884411d-f913-11ee-bde7-a0510b381bfb.jpg</filename>
<source>
<database>MyDatabase</database>
<annotation>COCO2017</annotation>
<image>flickr</image>
<flickrid>NULL</flickrid>
<annotator>1</annotator>
</source>
<owner>
<flickrid>NULL</flickrid>
<name>Label Studio</name>
</owner>
<size>
<width>640</width>
<height>480</height>
<depth>3</depth>
</size>
<segmented>0</segmented>
<object>
<name>no_hat</name>
<pose>Unspecified</pose>
<truncated>0</truncated>
<difficult>0</difficult>
<bndbox>
<xmin>273</xmin>
<ymin>94</ymin>
<xmax>483</xmax>
<ymax>254</ymax>
</bndbox>
</object>
<object>
<name>no_hat</name>
<pose>Unspecified</pose>
<truncated>0</truncated>
<difficult>0</difficult>
<bndbox>
<xmin>280</xmin>
<ymin>239</ymin>
<xmax>346</xmax>
<ymax>355</ymax>
</bndbox>
</object>
</annotation>
