<?xml version="1.0" encoding="utf-8"?>
<annotation>
<folder>images</folder>
<filename>7698811b-hats.a3f12ead-f912-11ee-b73d-a0510b381bfb.jpg</filename>
<source>
<database>MyDatabase</database>
<annotation>COCO2017</annotation>
<image>flickr</image>
<flickrid>NULL</flickrid>
<annotator>1</annotator>
</source>
<owner>
<flickrid>NULL</flickrid>
<name>Label Studio</name>
</owner>
<size>
<width>640</width>
<height>480</height>
<depth>3</depth>
</size>
<segmented>0</segmented>
<object>
<name>hat</name>
<pose>Unspecified</pose>
<truncated>0</truncated>
<difficult>0</difficult>
<bndbox>
<xmin>246</xmin>
<ymin>65</ymin>
<xmax>480</xmax>
<ymax>183</ymax>
</bndbox>
</object>
<object>
<name>hat</name>
<pose>Unspecified</pose>
<truncated>0</truncated>
<difficult>0</difficult>
<bndbox>
<xmin>281</xmin>
<ymin>51</ymin>
<xmax>424</xmax>
<ymax>87</ymax>
</bndbox>
</object>
</annotation>
