<?xml version="1.0" encoding="utf-8"?>
<annotation>
<folder>images</folder>
<filename>77cdb2d7-no_hats.88600bc6-f913-11ee-82e4-a0510b381bfb.jpg</filename>
<source>
<database>MyDatabase</database>
<annotation>COCO2017</annotation>
<image>flickr</image>
<flickrid>NULL</flickrid>
<annotator>1</annotator>
</source>
<owner>
<flickrid>NULL</flickrid>
<name>Label Studio</name>
</owner>
<size>
<width>640</width>
<height>480</height>
<depth>3</depth>
</size>
<segmented>0</segmented>
<object>
<name>no_hat</name>
<pose>Unspecified</pose>
<truncated>0</truncated>
<difficult>0</difficult>
<bndbox>
<xmin>234</xmin>
<ymin>86</ymin>
<xmax>444</xmax>
<ymax>238</ymax>
</bndbox>
</object>
<object>
<name>no_hat</name>
<pose>Unspecified</pose>
<truncated>0</truncated>
<difficult>0</difficult>
<bndbox>
<xmin>212</xmin>
<ymin>203</ymin>
<xmax>300</xmax>
<ymax>370</ymax>
</bndbox>
</object>
</annotation>
