<?xml version="1.0" encoding="utf-8"?>
<annotation>
<folder>images</folder>
<filename>7d4d4bb7-no_hats.6699ebba-f913-11ee-9804-a0510b381bfb.jpg</filename>
<source>
<database>MyDatabase</database>
<annotation>COCO2017</annotation>
<image>flickr</image>
<flickrid>NULL</flickrid>
<annotator>1</annotator>
</source>
<owner>
<flickrid>NULL</flickrid>
<name>Label Studio</name>
</owner>
<size>
<width>640</width>
<height>480</height>
<depth>3</depth>
</size>
<segmented>0</segmented>
<object>
<name>no_hat</name>
<pose>Unspecified</pose>
<truncated>0</truncated>
<difficult>0</difficult>
<bndbox>
<xmin>254</xmin>
<ymin>86</ymin>
<xmax>456</xmax>
<ymax>222</ymax>
</bndbox>
</object>
</annotation>
