<?xml version="1.0" encoding="utf-8"?>
<annotation>
<folder>images</folder>
<filename>84f30663-no_hats.c2d7cb42-f913-11ee-a6e4-a0510b381bfb.jpg</filename>
<source>
<database>MyDatabase</database>
<annotation>COCO2017</annotation>
<image>flickr</image>
<flickrid>NULL</flickrid>
<annotator>1</annotator>
</source>
<owner>
<flickrid>NULL</flickrid>
<name>Label Studio</name>
</owner>
<size>
<width>640</width>
<height>480</height>
<depth>3</depth>
</size>
<segmented>0</segmented>
<object>
<name>no_hat</name>
<pose>Unspecified</pose>
<truncated>0</truncated>
<difficult>0</difficult>
<bndbox>
<xmin>224</xmin>
<ymin>122</ymin>
<xmax>409</xmax>
<ymax>262</ymax>
</bndbox>
</object>
</annotation>
