<?xml version="1.0" encoding="utf-8"?>
<annotation>
<folder>images</folder>
<filename>8837c4f7-hats.2289be8e-f912-11ee-b82b-a0510b381bfb.jpg</filename>
<source>
<database>MyDatabase</database>
<annotation>COCO2017</annotation>
<image>flickr</image>
<flickrid>NULL</flickrid>
<annotator>1</annotator>
</source>
<owner>
<flickrid>NULL</flickrid>
<name>Label Studio</name>
</owner>
<size>
<width>640</width>
<height>480</height>
<depth>3</depth>
</size>
<segmented>0</segmented>
<object>
<name>hat</name>
<pose>Unspecified</pose>
<truncated>0</truncated>
<difficult>0</difficult>
<bndbox>
<xmin>247</xmin>
<ymin>84</ymin>
<xmax>487</xmax>
<ymax>287</ymax>
</bndbox>
</object>
</annotation>
