<?xml version="1.0" encoding="utf-8"?>
<annotation>
<folder>images</folder>
<filename>92246645-hats.96b0c4a2-f912-11ee-821f-a0510b381bfb.jpg</filename>
<source>
<database>MyDatabase</database>
<annotation>COCO2017</annotation>
<image>flickr</image>
<flickrid>NULL</flickrid>
<annotator>1</annotator>
</source>
<owner>
<flickrid>NULL</flickrid>
<name>Label Studio</name>
</owner>
<size>
<width>640</width>
<height>480</height>
<depth>3</depth>
</size>
<segmented>0</segmented>
<object>
<name>hat</name>
<pose>Unspecified</pose>
<truncated>0</truncated>
<difficult>0</difficult>
<bndbox>
<xmin>264</xmin>
<ymin>26</ymin>
<xmax>541</xmax>
<ymax>276</ymax>
</bndbox>
</object>
</annotation>
