<?xml version="1.0" encoding="utf-8"?>
<annotation>
<folder>images</folder>
<filename>958e69b2-hats.991a78b1-f912-11ee-93a2-a0510b381bfb.jpg</filename>
<source>
<database>MyDatabase</database>
<annotation>COCO2017</annotation>
<image>flickr</image>
<flickrid>NULL</flickrid>
<annotator>1</annotator>
</source>
<owner>
<flickrid>NULL</flickrid>
<name>Label Studio</name>
</owner>
<size>
<width>640</width>
<height>480</height>
<depth>3</depth>
</size>
<segmented>0</segmented>
<object>
<name>hat</name>
<pose>Unspecified</pose>
<truncated>0</truncated>
<difficult>0</difficult>
<bndbox>
<xmin>210</xmin>
<ymin>19</ymin>
<xmax>361</xmax>
<ymax>285</ymax>
</bndbox>
</object>
<object>
<name>hat</name>
<pose>Unspecified</pose>
<truncated>0</truncated>
<difficult>0</difficult>
<bndbox>
<xmin>365</xmin>
<ymin>17</ymin>
<xmax>503</xmax>
<ymax>148</ymax>
</bndbox>
</object>
</annotation>
