<?xml version="1.0" encoding="utf-8"?>
<annotation>
<folder>images</folder>
<filename>a8a3a9fb-no_hats.85f866a9-f913-11ee-a9cc-a0510b381bfb.jpg</filename>
<source>
<database>MyDatabase</database>
<annotation>COCO2017</annotation>
<image>flickr</image>
<flickrid>NULL</flickrid>
<annotator>1</annotator>
</source>
<owner>
<flickrid>NULL</flickrid>
<name>Label Studio</name>
</owner>
<size>
<width>640</width>
<height>480</height>
<depth>3</depth>
</size>
<segmented>0</segmented>
<object>
<name>no_hat</name>
<pose>Unspecified</pose>
<truncated>0</truncated>
<difficult>0</difficult>
<bndbox>
<xmin>198</xmin>
<ymin>104</ymin>
<xmax>424</xmax>
<ymax>268</ymax>
</bndbox>
</object>
<object>
<name>no_hat</name>
<pose>Unspecified</pose>
<truncated>0</truncated>
<difficult>0</difficult>
<bndbox>
<xmin>179</xmin>
<ymin>246</ymin>
<xmax>282</xmax>
<ymax>355</ymax>
</bndbox>
</object>
</annotation>
