<?xml version="1.0" encoding="utf-8"?>
<annotation>
<folder>images</folder>
<filename>a9fb796e-no_hats.8ac78b72-f913-11ee-9951-a0510b381bfb.jpg</filename>
<source>
<database>MyDatabase</database>
<annotation>COCO2017</annotation>
<image>flickr</image>
<flickrid>NULL</flickrid>
<annotator>1</annotator>
</source>
<owner>
<flickrid>NULL</flickrid>
<name>Label Studio</name>
</owner>
<size>
<width>640</width>
<height>480</height>
<depth>3</depth>
</size>
<segmented>0</segmented>
<object>
<name>no_hat</name>
<pose>Unspecified</pose>
<truncated>0</truncated>
<difficult>0</difficult>
<bndbox>
<xmin>255</xmin>
<ymin>117</ymin>
<xmax>476</xmax>
<ymax>269</ymax>
</bndbox>
</object>
<object>
<name>no_hat</name>
<pose>Unspecified</pose>
<truncated>0</truncated>
<difficult>0</difficult>
<bndbox>
<xmin>231</xmin>
<ymin>258</ymin>
<xmax>324</xmax>
<ymax>374</ymax>
</bndbox>
</object>
</annotation>
