<?xml version="1.0" encoding="utf-8"?>
<annotation>
<folder>images</folder>
<filename>b154c670-no_hats.73e06576-f913-11ee-a21c-a0510b381bfb.jpg</filename>
<source>
<database>MyDatabase</database>
<annotation>COCO2017</annotation>
<image>flickr</image>
<flickrid>NULL</flickrid>
<annotator>1</annotator>
</source>
<owner>
<flickrid>NULL</flickrid>
<name>Label Studio</name>
</owner>
<size>
<width>640</width>
<height>480</height>
<depth>3</depth>
</size>
<segmented>0</segmented>
<object>
<name>no_hat</name>
<pose>Unspecified</pose>
<truncated>0</truncated>
<difficult>0</difficult>
<bndbox>
<xmin>211</xmin>
<ymin>64</ymin>
<xmax>469</xmax>
<ymax>335</ymax>
</bndbox>
</object>
</annotation>
